Date,portfolio_value,daily_return
2018-01-03,100270.50653457642,0.0027050653457641573
2018-01-04,100448.9912071228,0.0017800316236044886
2018-01-05,100838.83828735352,0.0038810452503884236
2018-01-08,100979.67567062378,0.0013966581295683802
2018-01-09,101084.12913131714,0.0010344008336297921
2018-01-10,100859.06202697754,-0.002226532555345236
2018-01-11,101246.46500015259,0.003841032876861643
2018-01-12,101570.1538143158,0.00319703817968084
2018-01-16,101461.2209186554,-0.001072489226112078
2018-01-17,102088.21136665344,0.006179606773120973
2018-01-18,101916.88834381104,-0.0016781861543944023
2018-01-19,102274.50107574463,0.00350886627079122
2018-01-22,102745.48427009583,0.004605089141450663
2018-01-23,102807.3452091217,0.0006020793951708838
2018-01-24,102830.77424049377,0.00022789258223148359
2018-01-25,103073.83232688904,0.002363670683124639
2018-01-26,103803.91806793213,0.00708313375530359
2018-01-29,103340.56953430176,-0.004463690217619172
2018-01-30,102635.6707496643,-0.006821123473714492
2018-01-31,102569.73458099365,-0.0006424293638756181
2018-02-01,102281.29632377625,-0.0028121185883506717
2018-02-02,100898.6520690918,-0.013518055640472346
2018-02-05,97813.30277442932,-0.030578696854639202
2018-02-06,97815.06686973572,1.8035331149840882e-05
2018-02-07,97815.06686973572,0.0
2018-02-08,97815.06686973572,0.0
2018-02-09,97815.06686973572,0.0
2018-02-12,97815.06686973572,0.0
2018-02-13,97815.06686973572,0.0
2018-02-14,97815.06686973572,0.0
2018-02-15,97815.06686973572,0.0
2018-02-16,97815.23779296875,1.7474121165796652e-06
2018-02-20,97815.23779296875,0.0
2018-02-21,97815.23779296875,0.0
2018-02-22,98048.88261604309,0.00238863420818812
2018-02-23,99330.8469657898,0.013074747162258262
2018-02-26,100100.63221168518,0.007749709877743256
2018-02-27,98988.24808502197,-0.011112658352754674
2018-02-28,97974.78245925903,-0.010238241865766357
2018-03-01,97176.35720825195,-0.008149293430062878
2018-03-02,97539.98189735413,0.0037419049195568576
2018-03-05,98507.65306663513,0.009920764290271555
2018-03-06,98585.18472290039,0.0007870622621859919
2018-03-07,98199.76785087585,-0.003909480649733034
2018-03-08,98660.85913658142,0.00469544170823061
2018-03-09,99792.31442260742,0.011468127238377954
2018-03-12,99668.80632972717,-0.0012376513521593282
2018-03-13,99327.15703964233,-0.003427845708862858
2018-03-14,98832.11877250671,-0.004983916603372082
2018-03-15,98458.71151733398,-0.0037781974100165113
2018-03-16,98626.20587158203,0.0017011633776921687
2018-03-19,97627.34607315063,-0.010127732174265916
2018-03-20,97692.31803512573,0.0006655098657133946
2018-03-21,97667.70685005188,-0.0002519254898323064
2018-03-22,96033.50785636902,-0.016732234700583548
2018-03-23,94510.53144454956,-0.01585880226407299
2018-03-26,96410.44240379333,0.020102637560116488
2018-03-27,95611.52551651001,-0.008286621940155005
2018-03-28,95381.52758598328,-0.002405546081230736
2018-03-29,96502.47960090637,0.011752296731802638
2018-04-02,94581.0130367279,-0.019911058991694736
2018-04-03,95755.58646583557,0.012418702141111048
2018-04-04,96598.55875587463,0.008803374519979822
2018-04-05,97411.2693309784,0.008413278475071803
2018-04-06,95825.485704422,-0.01627926252729867
2018-04-09,96137.46271896362,0.0032556789276699596
2018-04-10,97590.80772399902,0.015117363865571614
2018-04-11,97372.21376800537,-0.002239903133211763
2018-04-12,97723.86818504333,0.003611445230934149
2018-04-13,97838.52680397034,0.0011732918585446494
2018-04-16,98711.40180397034,0.008921587727387749
2018-04-17,99429.24478340149,0.007272138439049893
2018-04-18,99447.0903263092,0.0001794798195097417
2018-04-19,98523.08422660828,-0.009291434235723199
2018-04-20,97633.95956039429,-0.009024531389709186
2018-04-23,97646.79631996155,0.00013147842845931268
2018-04-24,96721.89679527283,-0.009471888065411585
2018-04-25,96961.30491828918,0.00247522154702055
2018-04-26,97760.08363723755,0.008238118490891875
2018-04-27,97841.4196472168,0.0008319961169536732
2018-04-30,97147.28826141357,-0.007094453333833727
2018-05-01,96874.86428451538,-0.0028042365543454757
2018-05-02,96204.20680236816,-0.00692292564330761
2018-05-03,96066.92859268188,-0.001426946016698512
2018-05-04,97056.0115852356,0.01029576990794994
2018-05-07,97004.60650444031,-0.0005296434497531722
2018-05-08,96711.41234397888,-0.0030224766743216958
2018-05-09,97325.69662475586,0.006351724847033747
2018-05-10,98012.96356582642,0.007061515765156538
2018-05-11,98268.48127746582,0.002606978733663083
2018-05-14,98392.82843208313,0.001265381870166582
2018-05-15,97914.6053314209,-0.004860345091027954
2018-05-16,98300.62638473511,0.003942425667831743
2018-05-17,98348.29694747925,0.0004849466834276779
2018-05-18,98228.8570766449,-0.0012144579473311542
2018-05-21,98678.56249809265,0.004578139610204997
2018-05-22,98400.0561580658,-0.0028223591120131934
2018-05-23,98636.61699295044,0.0024040721532174914
2018-05-24,98528.34401512146,-0.0010976955732039924
2018-05-25,98359.83814239502,-0.0017102273910193713
2018-05-29,97742.16172599792,-0.00627976243213096
2018-05-30,98949.90420722961,0.012356412625877571
2018-05-31,98250.92882728577,-0.007063931850605849
2018-06-01,98708.98652076721,0.004662120744798855
2018-06-04,98957.46577072144,0.0025172910665225627
2018-06-05,98925.98992729187,-0.0003180744695149435
2018-06-06,99301.18613243103,0.0037926959883334966
2018-06-07,99524.11658287048,0.00224499282558565
2018-06-08,99851.0703907013,0.003285171665488399
2018-06-11,100076.9520187378,0.0022621853441596577
2018-06-12,100229.95525550842,0.001528855882241321
2018-06-13,99948.97892951965,-0.0028033168853812034
2018-06-14,100249.68231010437,0.003008568809860093
2018-06-15,100358.84922409058,0.0010889502237874202
2018-06-18,100001.87285423279,-0.003556999433709106
2018-06-19,99877.66441726685,-0.0012420611076653938
2018-06-20,99966.89273452759,0.0008933760894524513
2018-06-21,99586.12863922119,-0.003808901976352856
2018-06-22,100103.53832626343,0.005195599970721808
2018-06-25,99594.25663757324,-0.005087549323484488
2018-06-26,99715.47424507141,0.0012171144360189731
2018-06-27,99372.86345672607,-0.003435883857938635
2018-06-28,99616.6494140625,0.002453244767799079
2018-06-29,99754.46798706055,0.0013834893444889486
2018-07-02,99710.15990066528,-0.0004441714470474742
2018-07-03,99667.56371688843,-0.0004272000347737003
2018-07-05,100357.08843803406,0.00691824597121953
2018-07-06,100942.51291656494,0.0058334143371681834
2018-07-09,101183.42480659485,0.0023866246546589854
2018-07-10,101661.82113456726,0.004728010826741962
2018-07-11,101181.6500453949,-0.004723219432954797
2018-07-12,101598.97450828552,0.004124507385513015
2018-07-13,101782.21859550476,0.0018036017401366026
2018-07-16,101536.69535827637,-0.002412240965233164
2018-07-17,101906.32015419006,0.0036403075224130522
2018-07-18,101781.99914169312,-0.0012199538979412007
2018-07-19,101727.28111839294,-0.0005376002020160421
2018-07-20,101663.61414146423,-0.000625859417736856
2018-07-23,101500.49087524414,-0.001604539319181666
2018-07-24,101873.51212120056,0.00367506839365838
2018-07-25,102534.09997558594,0.00648439266135699
2018-07-26,102676.01316070557,0.0013840584269371775
2018-07-27,102392.54555130005,-0.0027607968081292938
2018-07-30,102117.89197921753,-0.0026823590585011298
2018-07-31,102672.19065475464,0.00542802700676505
2018-08-01,102299.22783470154,-0.003632559290638148
2018-08-02,102626.21764564514,0.0031964054652686537
2018-08-03,103109.6371459961,0.004710487353437654
2018-08-06,103289.52170753479,0.001744595039976642
2018-08-07,103341.50426864624,0.0005032704213563814
2018-08-08,103140.92037773132,-0.0019409809479207848
2018-08-09,103093.2716999054,-0.0004619764653197267
2018-08-10,102663.17028045654,-0.004171964012363833
2018-08-13,102451.35214996338,-0.0020632338735937766
2018-08-14,102924.93847084045,0.004622548272314276
2018-08-15,102559.03299331665,-0.0035550711320315007
2018-08-16,103327.10847854614,0.007489106154886851
2018-08-17,103682.61203193665,0.003440564229708566
2018-08-20,103876.70709228516,0.0018720116762560416
2018-08-21,103868.60177612305,-7.802823548217137e-05
2018-08-22,103680.94968986511,-0.0018066295593580542
2018-08-23,103524.07199668884,-0.0015130811749461076
2018-08-24,103879.41017723083,0.0034324208243408077
2018-08-27,104248.41875839233,0.0035522783632668435
2018-08-28,104145.26503944397,-0.0009894991231227663
2018-08-29,104571.13097953796,0.004089153164406479
2018-08-30,104276.16368865967,-0.0028207334865299827
2018-08-31,104196.70121002197,-0.0007620387615615457
2018-09-04,104037.53182411194,-0.0015275856534959535
2018-09-05,104335.26400375366,0.002861776653305037
2018-09-06,104293.85643386841,-0.0003968703226146449
2018-09-07,104060.01466941833,-0.0022421432330326143
2018-09-10,104221.41898155212,0.0015510694731933686
2018-09-11,104317.87928390503,0.0009255324221787777
2018-09-12,104596.9382686615,0.0026750829931751195
2018-09-13,104993.18600082397,0.0037883301243932855
2018-09-14,104885.89863014221,-0.0010218507959261337
2018-09-17,104789.92954826355,-0.0009149855522244849
2018-09-18,105043.55188560486,0.0024202930418470835
2018-09-19,104920.56847572327,-0.0011707849522788775
2018-09-20,105552.35353469849,0.0060215558126851245
2018-09-21,105626.08882904053,0.0006985660847230826
2018-09-24,105115.11421775818,-0.004837579588025627
2018-09-25,104828.67280578613,-0.002725025930891812
2018-09-26,104622.46935844421,-0.001967051969874192
2018-09-27,104776.82939529419,0.0014754004354564285
2018-09-28,104914.08327484131,0.0013099640477695486
2018-10-01,105155.66605377197,0.002302672542996866
2018-10-02,105318.9665184021,0.0015529402338303115
2018-10-03,105025.53595542908,-0.0027861132013838347
2018-10-04,104602.16355514526,-0.004031137726957039
2018-10-05,104450.66763305664,-0.0014483058183472055
2018-10-08,104721.71438598633,0.0025949738672987298
2018-10-09,104425.08298683167,-0.0028325682108424066
2018-10-10,102496.64702987671,-0.018467171888176866
2018-10-11,100532.1856842041,-0.019166103502878347
2018-10-12,101470.23674583435,0.009330853151615475
2018-10-15,101198.06993675232,-0.002682232916867657
2018-10-16,102767.86057281494,0.015512061020963367
2018-10-17,102637.85669326782,-0.0012650246762216707
2018-10-18,101668.9502620697,-0.009440049338653729
2018-10-19,101845.02579689026,0.0017318516062838323
2018-10-22,101452.48997497559,-0.003854246379175233
2018-10-23,100934.02254867554,-0.005110445553657029
2018-10-24,99174.76174163818,-0.01742980971742156
2018-10-25,100268.7839794159,0.01103125652701606
2018-10-26,98822.70834350586,-0.014421992354139814
2018-10-29,98624.44716072083,-0.0020062310182380537
2018-10-30,100110.05650520325,0.015063297055155451
2018-10-31,100669.44402503967,0.005587725542911375
2018-11-01,101629.28285598755,0.00953455976879273
2018-11-02,101173.5750579834,-0.004484020601128365
2018-11-05,102004.81805419922,0.008216008930587135
2018-11-06,102633.44062232971,0.006162675255167656
2018-11-07,104063.41310691833,0.013932812501635125
2018-11-08,103937.57386779785,-0.0012092553507849267
2018-11-09,103546.04034042358,-0.0037670066060255893
2018-11-12,102233.7158985138,-0.012673825455761704
2018-11-13,102098.40990066528,-0.0013234968196091715
2018-11-14,101439.0309715271,-0.00645826834893622
2018-11-15,102094.5157661438,0.006461859782559303
2018-11-16,102559.21536254883,0.004551660712799333
2018-11-19,101704.92770767212,-0.008329701547118751
2018-11-20,100117.63460540771,-0.015606845587921941
2018-11-21,100128.33227729797,0.00010685102512081282
2018-11-23,99526.23394012451,-0.006013266410010652
2018-11-26,100544.50807380676,0.010231213353203426
2018-11-27,100814.55171394348,0.0026858119385147062
2018-11-28,102386.00960922241,0.015587609809919767
2018-11-29,102415.81660461426,0.0002911237141247158
2018-11-30,103143.43345451355,0.007104535940071869
2018-12-03,104054.52136230469,0.00883321290824518
2018-12-04,101776.16176223755,-0.021895825094751784
2018-12-06,101500.14337921143,-0.0027120140733046887
2018-12-07,99843.41564178467,-0.01632241770572785
2018-12-10,99770.33994674683,-0.0007319029959874429
2018-12-11,99843.40296554565,0.0007323120161545605
2018-12-12,100248.26737594604,0.004054994104518877
2018-12-13,100218.25517272949,-0.0002993787723432909
2018-12-14,98660.963596344,-0.015539001090185143
2018-12-17,96793.63619232178,-0.018926709571397405
2018-12-18,96249.53309822083,-0.005621269284892439
2018-12-19,95151.49589538574,-0.011408234071271344
2018-12-20,93608.53010177612,-0.016215885825967783
2018-12-21,92434.2830581665,-0.012544231197017138
2018-12-24,89659.61513328552,-0.030017736202215706
2018-12-26,93913.78415298462,0.047447995548218234
2018-12-27,94796.0443687439,0.009394363391023444
2018-12-28,94447.59340667725,-0.003675796436307221
2018-12-31,95121.30027198792,0.007133128976720317
2019-01-02,95569.41049385071,0.0047109345707162876
2019-01-03,93991.9432182312,-0.016505985204554603
2019-01-04,96745.46817588806,0.029295329614195786
2019-01-07,97235.16349220276,0.005061687390094659
2019-01-08,98051.01412963867,0.00839048969667578
2019-01-09,98127.5896320343,0.0007809761385474819
2019-01-10,98600.40600204468,0.004818383614469441
2019-01-11,98608.58967781067,8.299839826036312e-05
2019-01-14,98010.28560066223,-0.006067464093171894
2019-01-15,98783.39281272888,0.007888021214596133
2019-01-16,98730.64273071289,-0.0005339974717814507
2019-01-17,99403.35451126099,0.0068136068189377785
2019-01-18,100618.55037498474,0.012224897939295291
2019-01-22,99515.41854858398,-0.01096350347216899
2019-01-23,99759.20658302307,0.0024497513852093982
2019-01-24,99718.8992729187,-0.0004040460172548078
2019-01-25,100292.60843086243,0.005753264046502876
2019-01-28,99828.62986373901,-0.004626248876987382
2019-01-29,100055.63155555725,0.002273913727235191
2019-01-30,101246.50008773804,0.011902064018450965
2019-01-31,102015.68912887573,0.007597191413739062
2019-02-01,102021.08031654358,5.284665245005622e-05
2019-02-04,102409.78499794006,0.0038100427891024032
2019-02-05,102698.38738059998,0.002818113353774905
2019-02-06,102669.79096603394,-0.00027845047322955295
2019-02-07,102076.28589439392,-0.005780717639099531
2019-02-08,102174.82886886597,0.0009653855800944441
2019-02-11,102295.25204849243,0.0011785992788989077
2019-02-12,103335.94780349731,0.010173451202911611
2019-02-13,103571.57989311218,0.002280252851243439
2019-02-14,103233.95628929138,-0.0032598093431541195
2019-02-15,104226.28470420837,0.009612422603820395
2019-02-19,104498.9829158783,0.002616405376473242
2019-02-20,104788.48411369324,0.0027703733542362766
2019-02-21,104585.21070480347,-0.001939844922932782
2019-02-22,104931.49337387085,0.003311009909850267
2019-02-25,104926.16514778137,-5.077814027189213e-05
2019-02-26,104759.3265285492,-0.0015900573417240277
2019-02-27,104719.76203346252,-0.0003776703840864011
2019-02-28,104473.020652771,-0.0023562064685811973
2019-03-01,104920.8080368042,0.004286153317242348
2019-03-04,104670.03063201904,-0.002390158915829052
2019-03-05,104492.56621170044,-0.001695465447435497
2019-03-06,104044.04991722107,-0.0042923272988691094
2019-03-07,103495.00496864319,-0.0052770432236606355
2019-03-08,103327.54764175415,-0.001618023275034133
2019-03-11,104384.50786781311,0.010229220088756336
2019-03-12,104680.00730323792,0.0028308744416269977
2019-03-13,105233.89714431763,0.005291266740889678
2019-03-14,105079.32371139526,-0.0014688559211142901
2019-03-15,105416.10573196411,0.0032050265330392986
2019-03-18,105677.28214454651,0.002477575990584176
2019-03-19,105643.28799438477,-0.00032167888378550056
2019-03-20,105412.14376068115,-0.0021879689480688923
2019-03-21,106285.93685531616,0.00828930200507823
2019-03-22,105091.21876335144,-0.011240603670747657
2019-03-25,105119.9920501709,0.00027379344495234
2019-03-26,105769.54347419739,0.006179142628896656
2019-03-27,105396.24137496948,-0.003529391230841158
2019-03-28,105696.77370643616,0.0028514520778541524
2019-03-29,106318.1020526886,0.005878404084292371
2019-04-01,106871.41878700256,0.005204351127710635
2019-04-02,106711.39825057983,-0.0014973183498354626
2019-04-03,106760.01368904114,0.00045557868473567213
2019-04-04,106976.54166984558,0.0020281749067129393
2019-04-05,107390.24326515198,0.003867217885797572
2019-04-08,107454.33315086365,0.0005967943061031036
2019-04-09,107048.74409484863,-0.003774524899294435
2019-04-10,107203.6472454071,0.0014470337963163992
2019-04-11,107187.73629379272,-0.00014841800650641145
2019-04-12,107511.92147064209,0.0030244614548141976
2019-04-15,107553.04729652405,0.00038252340130659886
2019-04-16,107354.3955078125,-0.0018470121833355788
2019-04-17,107033.58282089233,-0.0029883516683470984
2019-04-18,107157.03335952759,0.0011533813536059353
2019-04-22,107166.89030075073,9.198594729729999e-05
2019-04-23,107659.32579612732,0.004595033913876073
2019-04-24,107596.80735588074,-0.0005807062210752843
2019-04-25,107402.60728263855,-0.001804886947991522
2019-04-26,107861.49526405334,0.004272596290024823
2019-04-29,107793.87668418884,-0.0006269019328812969
2019-04-30,108339.75683403015,0.005064110936844871
2019-05-01,107537.7468585968,-0.00740273006761478
2019-05-02,107382.51432037354,-0.001443516744193872
2019-05-03,108115.32217788696,0.0068242754618979195
2019-05-06,107796.87044715881,-0.002945481956795969
2019-05-07,106580.96706581116,-0.011279579604712936
2019-05-08,106428.13665008545,-0.0014339372209987435
2019-05-09,106145.18148803711,-0.002658649967523531
2019-05-10,106833.7177810669,0.006486740927635841
2019-05-13,105332.5669631958,-0.014051283144029335
2019-05-14,106021.00432395935,0.006535845281394269
2019-05-15,106361.57507896423,0.0032122951218631116
2019-05-16,107081.83770942688,0.006771831179896624
2019-05-17,106699.72427368164,-0.0035684243371142646
2019-05-20,106285.440076828,-0.003882711034857134
2019-05-21,106903.02535629272,0.005810629179484058
2019-05-22,106745.40399932861,-0.0014744330802498938
2019-05-23,105996.72201156616,-0.007013716372905004
2019-05-24,106078.13752555847,0.0007680946396005113
2019-05-28,105118.08369445801,-0.009050440114195514
2019-05-29,104520.75422286987,-0.005682461576491109
2019-05-30,104708.63059043884,0.0017975029836501206
2019-05-31,103693.26488494873,-0.009697058396854122
2019-06-03,104210.27145195007,0.004985922350646196
2019-06-04,105810.58096122742,0.01535654294898582
2019-06-05,106580.25550460815,0.007274079174206325
2019-06-06,107268.43431282043,0.006456907097417543
2019-06-07,108016.04424476624,0.006969524042511803
2019-06-10,108279.1477355957,0.0024357815792001272
2019-06-11,108256.67587852478,-0.00020753633124076973
2019-06-12,108323.54914283752,0.0006177287799579475
2019-06-13,108713.02837753296,0.0035955176670020234
2019-06-14,108650.0917263031,-0.0005789246437997772
2019-06-17,108510.91384506226,-0.0012809734352681732
2019-06-18,109099.1603012085,0.005421081025878832
2019-06-19,109350.36277389526,0.0023025151797065185
2019-06-20,110341.47944450378,0.009063679767188889
2019-06-21,110234.6760597229,-0.0009679350441789248
2019-06-24,110125.88121032715,-0.000986938532270998
2019-06-25,109658.29034233093,-0.004245967095629167
2019-06-26,109231.18135261536,-0.0038949083410130523
2019-06-27,109479.5345363617,0.0022736473291872098
2019-06-28,109820.78694343567,0.003117042911436871
2019-07-01,110290.29043388367,0.00427517871174808
2019-07-02,110587.09706115723,0.002691140136687623
2019-07-03,111281.64918518066,0.006280589168909403
2019-07-05,111019.69710159302,-0.002353955800490871
2019-07-08,110719.45599746704,-0.002704394913374954
2019-07-09,110559.40603256226,-0.0014455450802472016
2019-07-10,110864.87428855896,0.0027629332225856612
2019-07-11,111077.64738464355,0.001919211088723999
2019-07-12,111301.97508430481,0.0020195575342394937
2019-07-15,111379.6295375824,0.0006976916017776779
2019-07-16,111166.06956291199,-0.001917406042353097
2019-07-17,110790.75207901001,-0.0033761874048229665
2019-07-18,111218.78381729126,0.003863424791773237
2019-07-19,110764.47965812683,-0.004084779059540456
2019-07-22,110677.6260433197,-0.0007841287665071097
2019-07-23,111265.37943840027,0.0053104987529323825
2019-07-24,111324.41086387634,0.000530546210995988
2019-07-25,110995.8842868805,-0.002951074022727686
2019-07-26,111355.91777229309,0.0032436651838554037
2019-07-29,111375.32452201843,0.00017427677049930838
2019-07-30,111349.81153869629,-0.0002290721345292217
2019-07-31,110239.60926246643,-0.00997040103515613
2019-08-01,109657.78485488892,-0.005277816308222433
2019-08-02,109103.34765815735,-0.005056067815570581
2019-08-05,106775.72072029114,-0.021334147739986223
2019-08-06,107732.65211486816,0.008962069168175373
2019-08-07,108078.31222343445,0.003208499018456628
2019-08-08,109667.44230270386,0.014703505694871864
2019-08-09,109160.87389183044,-0.004619132171197934
2019-08-12,108097.3689403534,-0.0097425470643529
2019-08-13,109303.43203544617,0.011157191954951845
2019-08-14,107022.62911605835,-0.020866709095174345
2019-08-15,107438.21131706238,0.003883124573153206
2019-08-16,108740.08588600159,0.012117425941662673
2019-08-19,109761.01705741882,0.0093887287571902
2019-08-20,109092.76041412354,-0.006088287638093816
2019-08-21,109848.22451400757,0.006924970062323471
2019-08-22,109887.08511543274,0.00035376631344838404
2019-08-23,107681.3855381012,-0.02007241865606433
2019-08-26,108640.04299163818,0.008902722125522632
2019-08-27,108327.65407943726,-0.0028754490848735344
2019-08-28,109103.30030632019,0.007160186689856205
2019-08-29,110072.20406150818,0.008880609041776715
2019-08-30,110110.6897945404,0.00034964079587904644
2019-09-03,109830.63234710693,-0.002543417428008497
2019-09-04,110745.86431503296,0.008333121173640705
2019-09-05,111496.43647003174,0.006777428300741464
2019-09-06,111667.13236808777,0.0015309538444478461
2019-09-09,111551.76066207886,-0.0010331751479800868
2019-09-10,111564.03566551208,0.00011003863462461976
2019-09-11,112183.38072776794,0.005551475962314239
2019-09-12,112467.91069221497,0.0025362933671742483
2019-09-13,112381.16651916504,-0.0007712793143931953
2019-09-16,112156.12518882751,-0.00200248259835554
2019-09-17,112449.76358604431,0.0026181218076357683
2019-09-18,112518.10832595825,0.0006077802009929913
2019-09-19,112568.87252998352,0.0004511647483283992
2019-09-20,112370.20294570923,-0.001764871405471124
2019-09-23,112398.50189971924,0.00025183681499340313
2019-09-24,112043.84926986694,-0.003155314562543831
2019-09-25,112272.14235305786,0.002037533382497908
2019-09-26,112211.52033996582,-0.0005399559661149536
2019-09-27,111907.5175819397,-0.0027091938252426263
2019-09-30,112348.29121398926,0.0039387312092489385
2019-10-01,111334.25284576416,-0.009025845940937924
2019-10-02,109553.86449241638,-0.015991380081512026
2019-10-03,110185.66139984131,0.005766997908765335
2019-10-04,111355.56358146667,0.010617553743041288
2019-10-07,110848.07805252075,-0.004557343276114362
2019-10-08,109437.69769477844,-0.012723543633061983
2019-10-09,110352.44175720215,0.008358582843865418
2019-10-10,110869.06209182739,0.004681548739645595
2019-10-11,111758.56273841858,0.008022983416730413
2019-10-14,111480.69475746155,-0.0024863238587579826
2019-10-15,112019.67825317383,0.004834769794760405
2019-10-16,111942.82397079468,-0.0006860784067371915
2019-10-17,112251.13815116882,0.0027542112074516083
2019-10-18,112061.64164543152,-0.0016881477449441021
2019-10-21,112446.06108665466,0.003430428428306146
2019-10-22,112451.57514381409,4.903735271949195e-05
2019-10-23,112793.31817436218,0.0030390239541868663
2019-10-24,112946.71778488159,0.0013600061865568615
2019-10-25,113078.16617774963,0.0011638088777258546
2019-10-28,113220.80487442017,0.0012614167835576298
2019-10-29,113447.88112449646,0.002005605333120157
2019-10-30,113737.34218597412,0.0025514893588890345
2019-10-31,113475.05899429321,-0.0023060429111491252
2019-11-01,114085.76934814453,0.005381890604542723
2019-11-04,114100.44794464111,0.00012866281728607853
2019-11-05,113986.5878162384,-0.0009978937896716422
2019-11-06,114057.85205078125,0.0006251984194643503
2019-11-07,114088.25790023804,0.00026658269387056036
2019-11-08,114228.28143501282,0.0012273264343927543
2019-11-11,113993.36828804016,-0.002056523516081293
2019-11-12,114236.88642311096,0.0021362482636312252
2019-11-13,114427.05772590637,0.0016647101365407744
2019-11-14,114568.09936332703,0.0012325899155643694
2019-11-15,115166.52831459045,0.0052233471148512645
2019-11-18,115149.8408908844,-0.00014489820914346814
2019-11-19,115043.31094741821,-0.0009251419076395759
2019-11-20,114933.27980995178,-0.0009564322911109667
2019-11-21,114842.7729511261,-0.000787473036315864
2019-11-22,114979.08801078796,0.0011869711620414898
2019-11-25,115472.35039901733,0.00429001826995783
2019-11-26,115723.48694419861,0.002174863024035331
2019-11-27,116042.27479362488,0.0027547376755073707
2019-11-29,115769.60418510437,-0.0023497523553846046
2019-12-02,115260.08274269104,-0.00440116769854939
2019-12-03,114774.66347694397,-0.004211512383092157
2019-12-04,115412.56436157227,0.005557854541271972
2019-12-05,115490.2447605133,0.0006730670908383733
2019-12-06,116197.4985294342,0.006123926487362606
2019-12-09,115965.56242752075,-0.0019960507312874708
2019-12-10,115860.84555053711,-0.0009029997767577874
2019-12-11,116121.70413970947,0.002251481835238115
2019-12-12,116795.28519630432,0.005800647360328459
2019-12-13,116852.19372367859,0.0004872502111589368
2019-12-16,117464.68707466125,0.005241607636661353
2019-12-17,117488.77101898193,0.0002050313581082525
2019-12-18,117496.10248184204,6.240139203535389e-05
2019-12-19,117799.99088859558,0.0025863701036423995
2019-12-20,118341.40224075317,0.004596022020660506
2019-12-23,118361.1551399231,0.00016691452691879258
2019-12-24,118388.13206291199,0.00022792040984223456
2019-12-26,118643.44409751892,0.0021565678092738167
2019-12-27,118692.84515571594,0.0004163825365387764
2019-12-30,118296.41486167908,-0.0033399679105912293
2019-12-31,118545.28951644897,0.002103822462083064
2020-01-02,118666.04444122314,0.0010186395871715698
2020-01-03,118164.53607940674,-0.004226216220300573
2020-01-06,118367.74945449829,0.0017197492736314125
2020-01-07,118099.57392120361,-0.002265613180368583
2020-01-08,118374.60507774353,0.0023288073564382067
2020-01-09,118879.3511505127,0.004263972601536185
2020-01-10,118693.91139411926,-0.0015598987931776972
2020-01-13,119129.68215179443,0.003671382571833933
2020-01-14,119190.24385643005,0.0005083678856664173
2020-01-15,119598.72256660461,0.0034271153154665154
2020-01-16,120162.80520820618,0.004716460422789416
2020-01-17,120364.61837005615,0.0016794977572327278
2020-01-21,120229.31447982788,-0.001124116804925888
2020-01-22,120215.31350708008,-0.00011645223802845363
2020-01-23,120309.37969207764,0.0007824808857818142
2020-01-24,119578.5487613678,-0.006074596449423497
2020-01-27,118421.25213432312,-0.0096781290543523
2020-01-28,119149.01967430115,0.006145582206414546
2020-01-29,119069.42163658142,-0.0006680544912355224
2020-01-30,119459.66124916077,0.003277412514612005
2020-01-31,117936.32153129578,-0.012751917274298237
2020-02-03,118466.60542297363,0.004496357736044353
2020-02-04,119616.00828361511,0.009702336422468138
2020-02-05,120818.64061546326,0.010054108552064758
2020-02-06,120914.29681015015,0.0007917337440614009
2020-02-07,120386.67385292053,-0.004363611013328265
2020-02-10,120908.0530796051,0.004330871598974087
2020-02-11,121152.12992668152,0.002018698017705381
2020-02-12,121617.47330284119,0.003840983864182022
2020-02-13,121637.07190322876,0.00016114954418408698
2020-02-14,121760.05138778687,0.0010110362131698187
2020-02-18,121531.02590751648,-0.0018809574869591253
2020-02-19,121807.79731178284,0.00227737240099476
2020-02-20,121631.04320716858,-0.0014510902299779106
2020-02-21,120937.7305984497,-0.005700128770070515
2020-02-24,118127.69223976135,-0.02323541499235288
2020-02-25,114815.55248069763,-0.028038639342425616
2020-02-26,114815.55248069763,0.0
2020-02-27,114815.55248069763,0.0
2020-02-28,114815.55248069763,0.0
2020-03-02,114815.55248069763,0.0
2020-03-03,114815.55248069763,0.0
2020-03-04,114815.55248069763,0.0
2020-03-05,114815.55248069763,0.0
2020-03-06,114815.55248069763,0.0
2020-03-09,114815.55248069763,0.0
2020-03-10,114815.55248069763,0.0
2020-03-11,114815.55248069763,0.0
2020-03-12,114815.55248069763,0.0
2020-03-13,114869.60126876831,0.00047074448454851225
2020-03-16,114821.8191242218,-0.00041596857670559486
2020-03-17,114821.96659088135,1.284308685149459e-06
2020-03-18,114250.14050674438,-0.004980110523402011
2020-03-19,114255.47155284882,4.6661177664953915e-05
2020-03-20,114228.92203235626,-0.0002323697949141387
2020-03-23,114228.23804473877,-5.987867217191546e-06
2020-03-24,114239.76937580109,0.00010094991623525269
2020-03-25,114245.30024242401,4.841454646788161e-05
2020-03-26,114246.6888551712,1.2154659703688469e-05
2020-03-27,114077.71988487244,-0.0014789835223405585
2020-03-30,114081.84198570251,3.6134144636114375e-05
2020-03-31,114080.37076950073,-1.2896146978119513e-05
2020-04-01,114077.83408546448,-2.2235937866824153e-05
2020-04-02,115126.2678232193,0.00919051230381319
2020-04-03,115126.14086532593,-1.1027708599616078e-06
2020-04-06,115129.06913375854,2.5435304359265035e-05
2020-04-07,115267.90774917603,0.0012059388342328706
2020-04-08,115268.75678348541,7.365747552516633e-06
2020-04-09,115433.65157985687,0.0014305246362740708
2020-04-13,115391.3608045578,-0.0003663643549369615
2020-04-14,115391.2973241806,-5.501311082099499e-07
2020-04-15,115390.67047023773,-5.432419579355349e-06
2020-04-16,115390.67047023773,0.0
2020-04-17,115391.96385765076,1.1208769372377463e-05
2020-04-20,115391.96385765076,0.0
2020-04-21,115391.96385765076,0.0
2020-04-22,115398.84915733337,5.966879713660987e-05
2020-04-23,115399.27764129639,3.7130696375360308e-06
2020-04-24,115404.36410331726,4.407706984687221e-05
2020-04-27,115405.21457672119,7.369508168419575e-06
2020-04-28,115423.73910713196,0.00016051727366662023
2020-04-29,115424.80237865448,9.211896363321614e-06
2020-04-30,115424.46117973328,-2.9560277702213415e-06
2020-05-01,115424.46117973328,0.0
2020-05-04,115424.46117973328,0.0
2020-05-05,115424.46117973328,0.0
2020-05-06,115423.26836776733,-1.0334135015670498e-05
2020-05-07,117345.10231399536,0.016650316469159262
2020-05-08,120094.64810562134,0.023431278659322836
2020-05-11,118817.6780166626,-0.010633030772825649
2020-05-12,117076.9223356247,-0.014650645510794981
2020-05-13,113345.65775585175,-0.031870197006686946
2020-05-14,114497.87432003021,0.010165511295195424
2020-05-15,114499.76218700409,1.6488227271365934e-05
2020-05-18,114569.71668720245,0.0006109576025504108
2020-05-19,114556.28375434875,-0.00011724680170391999
2020-05-20,114624.2988910675,0.0005937268082526111
2020-05-21,114613.04455852509,-9.818452676526213e-05
2020-05-22,114613.20890140533,1.4338933310955243e-06
2020-05-26,114613.20890140533,0.0
2020-05-27,114615.04503536224,1.6020264806377515e-05
2020-05-28,114615.04503536224,0.0
2020-05-29,114617.41237735748,2.0654722898803192e-05
2020-06-01,114618.51802158356,9.646389698923585e-06
2020-06-02,115073.03563404083,0.003965481497254098
2020-06-03,115073.8133649826,6.7585854278306045e-06
2020-06-04,115073.35286045074,-4.001818644870636e-06
2020-06-05,115074.90511989594,1.3489304053500994e-05
2020-06-08,115074.90511989594,0.0
2020-06-09,115074.90511989594,0.0
2020-06-10,115074.90511989594,0.0
2020-06-11,115074.90511989594,0.0
2020-06-12,115074.90511989594,0.0
2020-06-15,115074.90511989594,0.0
2020-06-16,115074.90511989594,0.0
2020-06-17,115074.90511989594,0.0
2020-06-18,115075.18874168396,2.4646710569033106e-06
2020-06-19,115075.18874168396,0.0
2020-06-22,115075.18874168396,0.0
2020-06-23,115075.18874168396,0.0
2020-06-24,115075.18874168396,0.0
2020-06-25,115075.18874168396,0.0
2020-06-26,115075.18874168396,0.0
2020-06-29,115075.18874168396,0.0
2020-06-30,115075.18874168396,0.0
2020-07-01,115075.37627124786,1.6296263856213788e-06
2020-07-02,115075.37627124786,0.0
2020-07-06,115075.37627124786,0.0
2020-07-07,115075.37627124786,0.0
2020-07-08,115075.57950305939,1.7660755767975339e-06
2020-07-09,115075.57950305939,0.0
2020-07-10,115075.57950305939,0.0
2020-07-13,115075.57950305939,0.0
2020-07-14,115075.57950305939,0.0
2020-07-15,116404.32571029663,0.01154672618617503
2020-07-16,116447.09774780273,0.00036744371177883163
2020-07-17,116745.07364845276,0.0025588950382891508
2020-07-20,116303.88035774231,-0.0037791169847473565
2020-07-21,117465.4675989151,0.00998751922635626
2020-07-22,118223.1061220169,0.006449883004669565
2020-07-23,117766.94593143463,-0.003858469004455665
2020-07-24,117215.7003993988,-0.004680817080513993
2020-07-27,117735.15616798401,0.004431622784449692
2020-07-28,116940.08199310303,-0.006753073599754455
2020-07-29,118053.84730148315,0.00952423916075084
2020-07-30,116898.3111820221,-0.009788212293582245
2020-07-31,117031.16695308685,0.0011365071892089935
2020-08-03,117144.4491930008,0.0009679664217938686
2020-08-04,118171.8563489914,0.008770429696569744
2020-08-05,118717.56537342072,0.004617927155326256
2020-08-06,118722.08406734467,3.8062555526108075e-05
2020-08-07,119306.41140270233,0.004921808271376098
2020-08-10,120198.00383853912,0.007473130952093966
2020-08-11,119554.08895015717,-0.005357117987141637
2020-08-12,120753.46288013458,0.010032061140773214
2020-08-13,120415.67789459229,-0.0027973109630619695
2020-08-14,120443.35965919495,0.00022988505389549664
2020-08-17,120661.49217891693,0.0018110796671498518
2020-08-18,120517.56937503815,-0.001192781568334786
2020-08-19,120007.24384689331,-0.004234449224218554
2020-08-20,119560.86119556427,-0.0037196308907697317
2020-08-21,119596.50681400299,0.00029813785282472633
2020-08-24,120872.64658546448,0.010670376631034414
2020-08-25,120647.90244865417,-0.0018593465366988093
2020-08-26,120720.80160331726,0.0006042306014736609
2020-08-27,121051.49883842468,0.0027393558584383557
2020-08-28,122003.3662071228,0.007863325756656997
2020-08-31,121327.91499328613,-0.0055363326015937025
2020-09-01,122090.13459396362,0.006282310222834276
2020-09-02,124006.78857517242,0.015698680221649643
2020-09-03,121324.98518562317,-0.021626262726121278
2020-09-04,121323.06104850769,-1.5859364108181416e-05
2020-09-08,121323.06104850769,0.0
2020-09-09,121323.06104850769,0.0
2020-09-10,121323.06104850769,0.0
2020-09-11,121323.06104850769,0.0
2020-09-14,121323.50344181061,3.6464073614215957e-06
2020-09-15,121323.50344181061,0.0
2020-09-16,121323.50344181061,0.0
2020-09-17,121323.50344181061,0.0
2020-09-18,121323.50344181061,0.0
2020-09-21,121323.50344181061,0.0
2020-09-22,121323.50344181061,0.0
2020-09-23,118842.17165851593,-0.020452193622027874
2020-09-24,118843.15816783905,8.30100383855974e-06
2020-09-25,118843.15816783905,0.0
2020-09-28,118843.15816783905,0.0
2020-09-29,118843.15816783905,0.0
2020-09-30,118843.15816783905,0.0
2020-10-01,118740.16320610046,-0.0008666461185180662
2020-10-02,118766.70480442047,0.00022352671247333845
2020-10-05,120648.10130023956,0.015841110510873287
2020-10-06,119455.5159664154,-0.009884824717268788
2020-10-07,121386.16694068909,0.016162091458518144
2020-10-08,122928.7841873169,0.012708344661558922
2020-10-09,123283.24383544922,0.00288345524992913
2020-10-12,124264.27732658386,0.007957557415053622
2020-10-13,123358.3157863617,-0.007290603218503206
2020-10-14,123041.8940410614,-0.0025650621385613615
2020-10-15,123271.74873638153,0.0018681010814367207
2020-10-16,123115.34732341766,-0.0012687530968537959
2020-10-19,121328.2234134674,-0.01451584996349458
2020-10-20,121987.48817825317,0.0054337296486992636
2020-10-21,121133.03038787842,-0.00700447073003246
2020-10-22,122449.26048088074,0.010865988317039835
2020-10-23,122687.68280982971,0.0019471112198852498
2020-10-26,120355.42248344421,-0.019009734905504595
2020-10-27,119551.8764219284,-0.006676442531090289
2020-10-28,115871.66361904144,-0.03078339640524395
2020-10-29,117693.3040151596,0.0157211896267174
2020-10-30,117350.66944599152,-0.0029112494719661973
2020-11-02,120334.04337978363,0.025422726158074067
2020-11-03,121585.4364824295,0.010399327301721082
2020-11-04,121582.173579216,-2.683629970742837e-05
2020-11-05,123481.15345287323,0.015618900516036243
2020-11-06,122985.20404338837,-0.0040163976090014635
2020-11-09,128165.97265720367,0.042125137361950976
2020-11-10,129820.99300861359,0.01291310257392947
2020-11-11,129688.48931694031,-0.00102066459824789
2020-11-12,128152.90588283539,-0.011840553022035516
2020-11-13,130302.89825439453,0.016776774250634518
2020-11-16,132387.2897720337,0.015996509253153633
2020-11-17,131817.27214431763,-0.004305682431429895
2020-11-18,130147.81593322754,-0.012664927622400762
2020-11-19,130788.88376235962,0.004925690258690012
2020-11-20,130186.98889255524,-0.004602033846378037
2020-11-23,132315.68460178375,0.01635106339993277
2020-11-24,134523.5747976303,0.016686534196542195
2020-11-25,133971.15895175934,-0.004106461240730441
2020-11-27,133968.3740758896,-2.078712979376225e-05
2020-11-30,132839.4933166504,-0.008426472046303365
2020-12-01,133838.7780609131,0.007522497408814207
2020-12-02,133924.03918361664,0.0006370434932150076
2020-12-03,133884.888297081,-0.0002923365123565804
2020-12-04,135265.82514095306,0.010314359308481994
2020-12-07,134723.90810108185,-0.004006311566920274
2020-12-08,135288.9307126999,0.004193929790057095
2020-12-09,134935.8037290573,-0.0026101690787436243
2020-12-10,134987.7496995926,0.00038496802997951943
2020-12-11,134679.57787799835,-0.0022829613967197513
2020-12-14,133520.85841464996,-0.008603527584546133
2020-12-15,135150.11747074127,0.012202281167423536
2020-12-16,134957.56526088715,-0.0014247283943042935
2020-12-17,135769.48564434052,0.006016116116824138
2020-12-18,135464.29902935028,-0.002247829205081442
2020-12-21,134473.64134693146,-0.007313053620158492
2020-12-22,133861.78081989288,-0.004550040594647256
2020-12-23,134391.49745464325,0.003957191003331146
2020-12-24,134821.38897800446,0.003198800009697734
2020-12-28,135177.62500858307,0.002642281267675795
2020-12-29,134945.70086574554,-0.0017156991981683233
2020-12-30,135736.04568862915,0.005856761777612329
2020-12-31,136395.39470672607,0.00485758233748339
2021-01-04,134990.99257278442,-0.010296550971983764
2021-01-05,136940.6750946045,0.014443056419255808
2021-01-06,139468.11309623718,0.018456444733360822
2021-01-07,140484.564119339,0.0072880531652451935
2021-01-08,140954.49669075012,0.0033450833147187164
2021-01-11,140632.23376846313,-0.0022862904685759843
2021-01-12,141279.54867744446,0.004602891468303503
2021-01-13,141330.06641578674,0.000357572902909127
2021-01-14,141283.58290290833,-0.000328900382326755
2021-01-15,140297.91293144226,-0.006976535781538237
2021-01-19,140822.92859840393,0.003742148803155916
2021-01-20,141587.32731628418,0.005428084229523062
2021-01-21,140571.09218025208,-0.007177444163219437
2021-01-22,140133.0610332489,-0.0031160826896151107
2021-01-25,140493.07557487488,0.00256909068403606
2021-01-26,139882.56224250793,-0.004345504786401902
2021-01-27,136985.62585639954,-0.02070977496884931
2021-01-28,138459.99466705322,0.010762945392527895
2021-01-29,135791.224275589,-0.019274667732594314
2021-02-01,137263.1893901825,0.010839913421843404
2021-02-02,138825.57479667664,0.01138240640797675
2021-02-03,139395.05906295776,0.004102156732397412
2021-02-04,140436.12270355225,0.007468440040792877
2021-02-05,141203.29166793823,0.005462760930856864
2021-02-08,142266.43390464783,0.007529160433524032
2021-02-09,142019.84488487244,-0.0017332902288157688
2021-02-10,142090.84614372253,0.0004999389973116389
2021-02-11,141890.50012779236,-0.0014099853816587804
2021-02-12,142501.15618896484,0.004303713501767231
2021-02-16,142363.02559280396,-0.0009693296521588874
2021-02-17,142627.33512115479,0.0018565883047949917
2021-02-18,142071.63242340088,-0.0038961865008686047
2021-02-19,142018.17210388184,-0.00037629130183934866
2021-02-22,141639.4953842163,-0.002666396236874088
2021-02-23,142009.72448349,0.0026138832129370755
2021-02-24,143155.65013885498,0.008069346374221116
2021-02-25,140781.02694511414,-0.01658770150837608
2021-02-26,139218.97191238403,-0.011095636014497146
2021-03-01,142053.30749320984,0.020358831428589793
2021-03-02,141501.48069000244,-0.0038846459328923015
2021-03-03,140533.22991371155,-0.006842690066347151
2021-03-04,139420.07382202148,-0.007920945760469242
2021-03-05,142229.7626953125,0.02015268530755305
2021-03-08,142561.17777061462,0.002330138706707175
2021-03-09,143506.03362846375,0.006627722025202563
2021-03-10,144909.05925941467,0.009776771021233517
2021-03-11,145533.3697013855,0.00430829131844125
2021-03-12,146133.09596061707,0.004120884855907088
2021-03-15,146784.1358680725,0.004455116092462036
2021-03-16,146199.52924919128,-0.003982764318663574
2021-03-17,146433.27492523193,0.0015988127816898717
2021-03-18,145076.5064754486,-0.009265438135397049
2021-03-19,145023.3951663971,-0.0003660917287148881
2021-03-22,145618.49026679993,0.0041034420668474274
2021-03-23,144896.3617324829,-0.004959044232596722
2021-03-24,144987.66095542908,0.000630100175425588
2021-03-25,146049.28307724,0.007322154966947619
2021-03-26,148249.09908103943,0.015062148594293591
2021-03-29,148341.9723110199,0.0006264674156953908
2021-03-30,147735.82184028625,-0.004086169688122807
2021-03-31,147838.8735294342,0.0006975402977035315
2021-04-01,148531.75815200806,0.004686755289946803
2021-04-05,149771.44088554382,0.008346246950548239
2021-04-06,149856.20381355286,0.0005659485380380994
2021-04-07,149482.4890422821,-0.0024938224895628466
2021-04-08,149650.7058982849,0.0011253281710824755
2021-04-09,150242.7201652527,0.003955973768477613
2021-04-12,150476.50552749634,0.0015560511816247108
2021-04-13,150688.3419342041,0.0014077706414378091
2021-04-14,150933.42487716675,0.0016264227200114677
2021-04-15,152056.7963294983,0.0074428275462891606
2021-04-16,152748.4595222473,0.004548716068239586
2021-04-19,152225.77699661255,-0.0034218513710027845
2021-04-20,151689.5158958435,-0.0035228008774162867
2021-04-21,152867.58304977417,0.007766305713175158
2021-04-22,151750.64672088623,-0.0073065610550293114
2021-04-23,152672.35499191284,0.0060738342204359865
2021-04-26,152507.9171848297,-0.0010770634087084081
2021-04-27,152427.8248462677,-0.0005251683980769664
2021-04-28,152618.53513336182,0.0012511514041905307
2021-04-29,153371.3640460968,0.004932748909410934
2021-04-30,152828.39517593384,-0.003540223258363736
2021-05-03,153872.06594276428,0.006829037009967847
2021-05-04,153699.8473186493,-0.0011192325459453453
2021-05-05,154144.77439117432,0.002894778884214536
2021-05-06,155139.26112174988,0.006451640897354358
2021-05-07,156010.05583572388,0.005612987374553873
2021-05-10,155821.4691810608,-0.0012088108914060296
2021-05-11,154557.50535583496,-0.008111615375395632
2021-05-12,152197.6932964325,-0.015268181599913324
2021-05-13,153724.97837257385,0.010034876633555102
2021-05-14,155348.55175971985,0.010561545718426055
2021-05-17,155398.04619407654,0.0003186024832290891
2021-05-18,154363.36704063416,-0.00665825072311509
2021-05-19,153355.19908714294,-0.006531134768690445
2021-05-20,154297.23629188538,0.00614284491396425
2021-05-21,154427.43799972534,0.000843836940758045
2021-05-24,155291.07243728638,0.0055924934632572915
2021-05-25,154673.62616729736,-0.003976057736598904
2021-05-26,154825.60014915466,0.0009825461885332818
2021-05-27,154837.0202217102,7.376088027135181e-05
2021-05-28,155086.93371772766,0.0016140422727045913
2021-06-01,155179.10828781128,0.000594341301836454
2021-06-02,155402.55269813538,0.001439912967599178
2021-06-03,155429.70643424988,0.0001747315963801909
2021-06-04,156098.09288597107,0.004300249077572137
2021-06-07,155837.21627426147,-0.0016712350989461719
2021-06-08,155686.9691772461,-0.0009641284707688661
2021-06-09,155484.67932891846,-0.0012993370568948142
2021-06-10,156000.24472808838,0.003315859809436749
2021-06-11,156086.2863521576,0.000551548006986695
2021-06-14,155908.16831588745,-0.001141151092981202
2021-06-15,155993.4058227539,0.000546716107226366
2021-06-16,154931.00635147095,-0.006810540905107874
2021-06-17,154315.74128341675,-0.003971219722528817
2021-06-18,152256.65545272827,-0.013343329809152472
2021-06-21,154408.72195625305,0.01413446589330172
2021-06-22,154753.03515052795,0.0022298817703604377
2021-06-23,154328.09963417053,-0.002745894553499954
2021-06-24,154957.88052368164,0.0040807920981595835
2021-06-25,155612.06721115112,0.004221706474421642
2021-06-28,155487.4768600464,-0.0008006471049297143
2021-06-29,155170.2769203186,-0.0020400352885865743
2021-06-30,155593.4494895935,0.002727149668568325
2021-07-01,156259.239276886,0.004279034814618014
2021-07-02,156801.65301895142,0.0034712426898757067
2021-07-06,156103.16837120056,-0.004454574516930849
2021-07-07,156639.9263935089,0.003438482561942514
2021-07-08,155795.81652069092,-0.005388855142190441
2021-07-09,157220.9204597473,0.009147254213126645
2021-07-12,157447.4589767456,0.0014408929570940319
2021-07-13,156854.85683631897,-0.003763808855842891
2021-07-14,156950.8967113495,0.0006122849937043197
2021-07-15,156877.79947853088,-0.0004657331327838004
2021-07-16,156252.50329971313,-0.003985880608322288
2021-07-19,154305.1113357544,-0.01246310889639561
2021-07-20,155905.50304603577,0.010371605298278545
2021-07-21,156685.26543045044,0.00500150648424786
2021-07-22,156759.39827728271,0.0004731322159018296
2021-07-23,157861.916639328,0.007033188275545087
2021-07-26,158395.58449554443,0.00338059911837836
2021-07-27,158427.11655807495,0.0001990716005811673
2021-07-28,158189.64596176147,-0.0014989264557272073
2021-07-29,159007.10287475586,0.005167575336706833
2021-07-30,158529.43402290344,-0.00300407241699548
2021-08-02,158230.05588150024,-0.0018884703856316399
2021-08-03,159514.90087127686,0.008120107034145532
2021-08-04,158293.93501091003,-0.00765424329450011
2021-08-05,158911.71306037903,0.003902727223417719
2021-08-06,159205.6371936798,0.0018496064741879892
2021-08-09,159140.10412025452,-0.00041162533299979456
2021-08-10,159729.24102973938,0.0037020015334392428
2021-08-11,160275.84843063354,0.00342208726073139
2021-08-12,160479.9747428894,0.0012735937089374007
2021-08-13,160800.9292125702,0.001999965853652447
2021-08-16,161123.03597068787,0.002003139905316516
2021-08-17,160545.82278823853,-0.0035824373527466886
2021-08-18,159103.3828010559,-0.0089845999237564
2021-08-19,158910.412607193,-0.0012128604085320195
2021-08-20,159782.1337928772,0.00548561400969357
2021-08-23,160500.84727859497,0.004498084164087012
2021-08-24,160524.268119812,0.00014592347401373812
2021-08-25,160815.26344680786,0.0018127808985159584
2021-08-26,160008.35048484802,-0.005017639151066885
2021-08-27,160871.03281593323,0.005391483184916003
2021-08-30,161148.36265945435,0.001723926543310228
2021-08-31,160995.58770751953,-0.0009480391200602204
2021-09-01,161119.46750831604,0.0007694608439925757
2021-09-02,162044.23185157776,0.005739618914852653
2021-09-03,161684.30550193787,-0.0022211611331501274
2021-09-07,160702.52781295776,-0.006072189170941733
2021-09-08,160901.24633789062,0.001236561288968338
2021-09-09,160364.29611206055,-0.0033371414954890344
2021-09-10,159554.95130348206,-0.005046913983976401
2021-09-13,160017.29657554626,0.0028977181108269293
2021-09-14,159201.79640960693,-0.005096325106044535
2021-09-15,160493.24186134338,0.008112003010403959
2021-09-16,159931.27956581116,-0.0035014701492398557
2021-09-17,158710.1538734436,-0.007635314965794819
2021-09-20,156572.11555480957,-0.01347133920832133
2021-09-21,156466.94189834595,-0.0006717266103925506
2021-09-22,157915.45900154114,0.009257655870441105
2021-09-23,159359.94527053833,0.009147212553668318
2021-09-24,159439.97183036804,0.000502174870189961
2021-09-27,159436.02654075623,-2.4744670778127652e-05
2021-09-28,157523.09857940674,-0.011998091039107083
2021-09-29,158005.74191856384,0.003063952801270004
2021-09-30,156095.84819984436,-0.012087495653821495
2021-10-01,157658.16508293152,0.01000870235246087
2021-10-04,157023.7916316986,-0.0040237272259208146
2021-10-05,158062.35157585144,0.006614029207680755
2021-10-06,158554.41682243347,0.0031131084769790815
2021-10-07,159637.73355674744,0.0068324601485380285
2021-10-08,159632.03455543518,-3.5699587968843194e-05
2021-10-11,158940.08835029602,-0.004334632500714439
2021-10-12,158949.91153526306,6.180432557323865e-05
2021-10-13,159411.96011161804,0.0029068816200786287
2021-10-14,161369.32743263245,0.012278672940498829
2021-10-15,162021.23688697815,0.004039859772098624
2021-10-18,161797.80441856384,-0.0013790319880730652
2021-10-19,162678.91373062134,0.005445743316628101
2021-10-20,163634.44993972778,0.005873755775679135
2021-10-21,163755.1907157898,0.000737868927395696
2021-10-22,164388.11547470093,0.0038650668485350425
2021-10-25,164952.72467803955,0.0034346108397691026
2021-10-26,165344.08282279968,0.0023725473193849816
2021-10-27,164354.86365509033,-0.00598279146626313
2021-10-28,165447.60089492798,0.0066486455924470115
2021-10-29,165497.07961273193,0.00029905974783749127
2021-11-01,166031.8622188568,0.003231371860919146
2021-11-02,166507.13515472412,0.002862540535989549
2021-11-03,167205.9146385193,0.004196693932340112
2021-11-04,167282.11491394043,0.00045572715286943717
2021-11-05,167802.8368587494,0.00311283692866299
2021-11-08,167740.62572669983,-0.00037073945360010624
2021-11-09,167726.22731399536,-8.583736135530538e-05
2021-11-10,167311.0018081665,-0.0024756146517951882
2021-11-11,167319.93252563477,5.337794509473676e-05
2021-11-12,167799.63954544067,0.002867004621415401
2021-11-15,168004.22214317322,0.0012192076114510499
2021-11-16,168114.20893669128,0.0006546668417912473
2021-11-17,167677.25407409668,-0.0025991548564413933
2021-11-18,167524.1169242859,-0.0009132851719000571
2021-11-19,166928.23072052002,-0.003557017429527387
2021-11-22,167372.96409988403,0.002664219092506943
2021-11-23,167976.8673915863,0.00360812927553745
2021-11-24,167950.20110321045,-0.00015874976590491026
2021-11-26,165348.46844863892,-0.015491095797930536
2021-11-29,166576.01021957397,0.007423968195486256
2021-11-30,163405.84362220764,-0.01903135147244517
2021-12-01,162059.7797164917,-0.008237550603318846
2021-12-02,164860.4386062622,0.017281640729550508
2021-12-03,164354.30195236206,-0.0030700916373815877
2021-12-06,166532.92476844788,0.01325564825627312
2021-12-07,169007.32145118713,0.014858303162451078
2021-12-08,169187.60254478455,0.0010667058210817274
2021-12-09,168593.12051582336,-0.003513744624425539
2021-12-10,169975.13202285767,0.008197318507457082
2021-12-13,169437.90843200684,-0.0031606011094527982
2021-12-14,168782.4414653778,-0.0038684788586850274
2021-12-15,170450.81991958618,0.009884786828081322
2021-12-16,170213.20749855042,-0.0013940233385082291
2021-12-17,168292.73155784607,-0.011282766883531643
2021-12-20,166869.57068443298,-0.008456460717223026
2021-12-21,168990.20524024963,0.012708335900419981
2021-12-22,170269.11344718933,0.007567942799533861
2021-12-23,171038.46420669556,0.004518439920959869
2021-12-27,172903.32377624512,0.010903158995253402
2021-12-28,173182.29346847534,0.0016134432013073402
2021-12-29,173549.65915107727,0.002121265836387602
2021-12-30,173233.6811656952,-0.0018206776488510236
2021-12-31,173233.6811656952,0.0
